{
	"credit": "Made with Blockbench",
	"texture_size": [32, 32],
	"textures": {
		"0": "block/custom/beehat",
		"particle": "block/custom/beehat"
	},
	"elements": [
		{
			"from": [3.8, 6.8, 3.8],
			"to": [12.2, 11.2, 12.2],
			"faces": {
				"north": {"uv": [4, 4, 8, 6], "texture": "#0"},
				"east": {"uv": [0, 4, 4, 6], "texture": "#0"},
				"south": {"uv": [12, 4, 16, 6], "texture": "#0"},
				"west": {"uv": [8, 4, 12, 6], "texture": "#0"},
				"up": {"uv": [8, 4, 4, 0], "texture": "#0"},
				"down": {"uv": [12, 0, 8, 4], "texture": "#0"}
			}
		},
		{
			"from": [3.6, 6.35, 3.6],
			"to": [12.4, 8.15, 12.4],
			"faces": {
				"north": {"uv": [4, 10, 8, 10.5], "texture": "#0"},
				"east": {"uv": [0, 10, 4, 10.5], "texture": "#0"},
				"south": {"uv": [12, 10, 16, 10.5], "texture": "#0"},
				"west": {"uv": [8, 10, 12, 10.5], "texture": "#0"},
				"up": {"uv": [8, 10, 4, 6], "texture": "#0"},
				"down": {"uv": [12, 6, 8, 10], "texture": "#0"}
			}
		}
	],
	"display": {
		"thirdperson_righthand": {
			"scale": [0.8, 0.8, 0.8]
		},
		"thirdperson_lefthand": {
			"scale": [0.8, 0.8, 0.8]
		},
		"gui": {
			"rotation": [27, 138, 0],
			"scale": [1.18, 1.18, 1.18]
		},
		"head": {
			"translation": [0, 4.25, 0],
			"scale": [1.81, 1.81, 1.81]
		}
	}
}