{
	"credit": "Made with Blockbench",
	"textures": {
		"0": "block/custom/crown",
		"particle": "block/custom/crown"
	},
	"elements": [
		{
			"from": [4, 3, 4],
			"to": [4, 6, 12],
			"rotation": {"angle": 0, "axis": "y", "origin": [2, 3, 7]},
			"faces": {
				"north": {"uv": [0, 0, 0, 3], "texture": "#0"},
				"east": {"uv": [0, 6, 8, 9], "texture": "#0"},
				"south": {"uv": [0, 0, 0, 3], "texture": "#0"},
				"west": {"uv": [8, 0, 16, 3], "texture": "#0"},
				"up": {"uv": [0, 8, 0, 0], "texture": "#0"},
				"down": {"uv": [0, 0, 0, 8], "texture": "#0"}
			}
		},
		{
			"from": [12, 3, 4],
			"to": [12, 6, 12],
			"rotation": {"angle": 0, "axis": "y", "origin": [10, 3, 7]},
			"faces": {
				"north": {"uv": [0, 0, 0, 3], "texture": "#0"},
				"east": {"uv": [8, 3, 16, 6], "texture": "#0"},
				"south": {"uv": [0, 0, 0, 3], "texture": "#0"},
				"west": {"uv": [8, 6, 16, 9], "texture": "#0"},
				"up": {"uv": [0, 8, 0, 0], "texture": "#0"},
				"down": {"uv": [0, 0, 0, 8], "texture": "#0"}
			}
		},
		{
			"from": [4, 3, 4],
			"to": [12, 6, 4],
			"rotation": {"angle": 0, "axis": "y", "origin": [9, 3, 2]},
			"faces": {
				"north": {"uv": [0, 9, 8, 12], "texture": "#0"},
				"east": {"uv": [0, 0, 0, 3], "texture": "#0"},
				"south": {"uv": [8, 9, 16, 12], "texture": "#0"},
				"west": {"uv": [0, 0, 0, 3], "texture": "#0"},
				"up": {"uv": [8, 0, 0, 0], "texture": "#0"},
				"down": {"uv": [8, 0, 0, 0], "texture": "#0"}
			}
		},
		{
			"from": [4, 3, 12],
			"to": [12, 6, 12],
			"rotation": {"angle": 0, "axis": "y", "origin": [9, 3, 10]},
			"faces": {
				"north": {"uv": [0, 0, 8, 3], "texture": "#0"},
				"east": {"uv": [0, 0, 0, 3], "texture": "#0"},
				"south": {"uv": [0, 3, 8, 6], "texture": "#0"},
				"west": {"uv": [0, 0, 0, 3], "texture": "#0"},
				"up": {"uv": [8, 0, 0, 0], "texture": "#0"},
				"down": {"uv": [8, 0, 0, 0], "texture": "#0"}
			}
		}
	],
	"display": {
		"thirdperson_righthand": {
			"translation": [0, 5.5, 0],
			"scale": [1.08, 1.08, 1.08]
		},
		"thirdperson_lefthand": {
			"translation": [0, 5.5, 0],
			"scale": [1.08, 1.08, 1.08]
		},
		"firstperson_righthand": {
			"rotation": [-11.75, 0, 0],
			"translation": [0, 4.75, 0]
		},
		"firstperson_lefthand": {
			"rotation": [-11.75, 0, 0],
			"translation": [0, 4.75, 0]
		},
		"ground": {
			"translation": [0, 1, 0]
		},
		"gui": {
			"rotation": [29.72, -23.65, 12.89],
			"translation": [-1, 5, 0],
			"scale": [1.5, 1.5, 1.5]
		},
		"head": {
			"rotation": [0, 0, 4.5],
			"translation": [-0.5, 12.5, 0],
			"scale": [1.9, 1.9, 1.9]
		},
		"fixed": {
			"rotation": [-90, 0, 0],
			"translation": [0, 0, -10.75],
			"scale": [2.09, 2.09, 2.09]
		}
	}
}