{
	"credit": "Made with Blockbench",
	"texture_size": [32, 32],
	"textures": {
		"0": "block/custom/horns1",
		"particle": "block/custom/horns1"
	},
	"elements": [
		{
			"from": [2, 7, 6],
			"to": [5, 10, 9],
			"faces": {
				"north": {"uv": [1.5, 4.5, 3, 6], "texture": "#0", "tintindex": 0},
				"east": {"uv": [0, 4.5, 1.5, 6], "texture": "#0", "tintindex": 0},
				"south": {"uv": [4.5, 4.5, 6, 6], "texture": "#0", "tintindex": 0},
				"west": {"uv": [3, 4.5, 4.5, 6], "texture": "#0", "tintindex": 0},
				"up": {"uv": [3, 4.5, 1.5, 3], "texture": "#0", "tintindex": 0},
				"down": {"uv": [4.5, 3, 3, 4.5], "texture": "#0", "tintindex": 0}
			}
		},
		{
			"from": [1, 10, 7],
			"to": [3, 12, 10],
			"faces": {
				"north": {"uv": [5, 8.5, 6, 9.5], "texture": "#0", "tintindex": 0},
				"east": {"uv": [3.5, 8.5, 5, 9.5], "texture": "#0", "tintindex": 0},
				"south": {"uv": [7.5, 8.5, 8.5, 9.5], "texture": "#0", "tintindex": 0},
				"west": {"uv": [6, 8.5, 7.5, 9.5], "texture": "#0", "tintindex": 0},
				"up": {"uv": [6, 8.5, 5, 7], "texture": "#0", "tintindex": 0},
				"down": {"uv": [7, 7, 6, 8.5], "texture": "#0", "tintindex": 0}
			}
		},
		{
			"from": [1, 12, 8],
			"to": [2, 14, 12],
			"faces": {
				"north": {"uv": [6.5, 3, 7, 4], "texture": "#0", "tintindex": 0},
				"east": {"uv": [4.5, 3, 6.5, 4], "texture": "#0", "tintindex": 0},
				"south": {"uv": [9, 3, 9.5, 4], "texture": "#0", "tintindex": 0},
				"west": {"uv": [7, 3, 9, 4], "texture": "#0", "tintindex": 0},
				"up": {"uv": [7, 3, 6.5, 1], "texture": "#0", "tintindex": 0},
				"down": {"uv": [7.5, 1, 7, 3], "texture": "#0", "tintindex": 0}
			}
		},
		{
			"from": [1, 14, 11],
			"to": [2, 16, 12],
			"faces": {
				"north": {"uv": [7.5, 4.5, 8, 5.5], "texture": "#0", "tintindex": 0},
				"east": {"uv": [7, 4.5, 7.5, 5.5], "texture": "#0", "tintindex": 0},
				"south": {"uv": [8.5, 4.5, 9, 5.5], "texture": "#0", "tintindex": 0},
				"west": {"uv": [8, 4.5, 8.5, 5.5], "texture": "#0", "tintindex": 0},
				"up": {"uv": [8, 4.5, 7.5, 4], "texture": "#0", "tintindex": 0},
				"down": {"uv": [8.5, 4, 8, 4.5], "texture": "#missing", "tintindex": 0}
			}
		},
		{
			"from": [11, 7, 6],
			"to": [14, 10, 9],
			"faces": {
				"north": {"uv": [1.5, 1.5, 3, 3], "texture": "#0", "tintindex": 0},
				"east": {"uv": [0, 1.5, 1.5, 3], "texture": "#0", "tintindex": 0},
				"south": {"uv": [4.5, 1.5, 6, 3], "texture": "#0", "tintindex": 0},
				"west": {"uv": [3, 1.5, 4.5, 3], "texture": "#0", "tintindex": 0},
				"up": {"uv": [3, 1.5, 1.5, 0], "texture": "#0", "tintindex": 0},
				"down": {"uv": [4.5, 0, 3, 1.5], "texture": "#0", "tintindex": 0}
			}
		},
		{
			"from": [13, 10, 7],
			"to": [15, 12, 10],
			"faces": {
				"north": {"uv": [1.5, 7.5, 2.5, 8.5], "texture": "#0", "tintindex": 0},
				"east": {"uv": [0, 7.5, 1.5, 8.5], "texture": "#0", "tintindex": 0},
				"south": {"uv": [4, 7.5, 5, 8.5], "texture": "#0", "tintindex": 0},
				"west": {"uv": [2.5, 7.5, 4, 8.5], "texture": "#0", "tintindex": 0},
				"up": {"uv": [2.5, 7.5, 1.5, 6], "texture": "#0", "tintindex": 0},
				"down": {"uv": [3.5, 6, 2.5, 7.5], "texture": "#0", "tintindex": 0}
			}
		},
		{
			"from": [14, 12, 8],
			"to": [15, 14, 12],
			"faces": {
				"north": {"uv": [6, 6, 6.5, 7], "texture": "#0", "tintindex": 0},
				"east": {"uv": [4, 6, 6, 7], "texture": "#0", "tintindex": 0},
				"south": {"uv": [8.5, 6, 9, 7], "texture": "#0", "tintindex": 0},
				"west": {"uv": [6.5, 6, 8.5, 7], "texture": "#0", "tintindex": 0},
				"up": {"uv": [6.5, 6, 6, 4], "texture": "#0", "tintindex": 0},
				"down": {"uv": [7, 4, 6.5, 6], "texture": "#0", "tintindex": 0}
			}
		},
		{
			"from": [14, 14, 11],
			"to": [15, 16, 12],
			"faces": {
				"north": {"uv": [5, 0.5, 5.5, 1.5], "texture": "#0", "tintindex": 0},
				"east": {"uv": [4.5, 0.5, 5, 1.5], "texture": "#0", "tintindex": 0},
				"south": {"uv": [6, 0.5, 6.5, 1.5], "texture": "#0", "tintindex": 0},
				"west": {"uv": [5.5, 0.5, 6, 1.5], "texture": "#0", "tintindex": 0},
				"up": {"uv": [5.5, 0.5, 5, 0], "texture": "#0", "tintindex": 0},
				"down": {"uv": [6, 0, 5.5, 0.5], "texture": "#missing", "tintindex": 0}
			}
		}
	],
	"display": {
		"thirdperson_righthand": {
			"scale": [0.6, 0.6, 0.6]
		},
		"gui": {
			"rotation": [27, 148, -13],
			"translation": [0, -1.75, 0]
		},
		"head": {
			"rotation": [35, 0, 0],
			"translation": [0, 4.5, 0],
			"scale": [1.6, 1.6, 1.6]
		}
	}
}