{
	"credit": "Made with Blockbench",
	"texture_size": [64, 64],
	"textures": {
		"0": "block/custom/present",
		"particle": "block/custom/present"
	},
	"elements": [
		{
			"from": [3.8, -0.2, 3.8],
			"to": [12.2, 8.2, 12.2],
			"faces": {
				"north": {"uv": [2, 2, 4, 4], "texture": "#0"},
				"east": {"uv": [0, 2, 2, 4], "texture": "#0"},
				"south": {"uv": [6, 2, 8, 4], "texture": "#0"},
				"west": {"uv": [4, 2, 6, 4], "texture": "#0"},
				"up": {"uv": [4, 2, 2, 0], "texture": "#0"},
				"down": {"uv": [6, 0, 4, 2], "texture": "#0"}
			}
		},
		{
			"from": [6.8, 0.05, 3.3],
			"to": [9.2, 9.7, 12.7],
			"faces": {
				"north": {"uv": [8, 4, 8.25, 6], "texture": "#0"},
				"east": {"uv": [6, 4, 8, 6], "texture": "#0"},
				"south": {"uv": [10.25, 4, 10.5, 6], "texture": "#0"},
				"west": {"uv": [8.25, 4, 10.25, 6], "texture": "#0"},
				"up": {"uv": [8.25, 4, 8, 2], "texture": "#0"},
				"down": {"uv": [8.5, 2, 8.25, 4], "texture": "#0"}
			}
		},
		{
			"from": [3.3, 0.05, 6.8],
			"to": [12.7, 9.7, 9.2],
			"rotation": {"angle": 0, "axis": "y", "origin": [8, 4.875, 8]},
			"faces": {
				"north": {"uv": [0.25, 6.5, 2.25, 8.5], "texture": "#0"},
				"east": {"uv": [0, 6.5, 0.25, 8.5], "texture": "#0"},
				"south": {"uv": [2.5, 6.5, 4.5, 8.5], "texture": "#0"},
				"west": {"uv": [2.25, 6.5, 2.5, 8.5], "texture": "#0"},
				"up": {"uv": [2.25, 6.5, 0.25, 6.25], "texture": "#0"},
				"down": {"uv": [4.25, 6.25, 2.25, 6.5], "texture": "#0"}
			}
		},
		{
			"from": [6.75, 9, 6.75],
			"to": [9.25, 11, 9.25],
			"faces": {
				"north": {"uv": [0.5, 0.5, 1, 1], "texture": "#0"},
				"east": {"uv": [0, 0.5, 0.5, 1], "texture": "#0"},
				"south": {"uv": [1.5, 0.5, 2, 1], "texture": "#0"},
				"west": {"uv": [1, 0.5, 1.5, 1], "texture": "#0"},
				"up": {"uv": [1, 0.5, 0.5, 0], "texture": "#0"},
				"down": {"uv": [1.5, 0, 1, 0.5], "texture": "#0"}
			}
		},
		{
			"from": [6.75, 10.40689, 8.82125],
			"to": [9.25, 11.40689, 10.82125],
			"rotation": {"angle": -22.5, "axis": "x", "origin": [8, 11.9622, 10.02802]},
			"faces": {
				"north": {"uv": [6.5, 0.5, 7, 0.75], "texture": "#0"},
				"east": {"uv": [6, 0.5, 6.5, 0.75], "texture": "#0"},
				"south": {"uv": [7.5, 0.5, 8, 0.75], "texture": "#0"},
				"west": {"uv": [7, 0.5, 7.5, 0.75], "texture": "#0"},
				"up": {"uv": [7, 0.5, 6.5, 0], "texture": "#0"},
				"down": {"uv": [7.5, 0, 7, 0.5], "texture": "#0"}
			}
		},
		{
			"from": [6.75, 12.5, 9],
			"to": [9.25, 13.5, 11],
			"rotation": {"angle": 45, "axis": "x", "origin": [8, 11.9622, 10.02802]},
			"faces": {
				"north": {"uv": [0.5, 5.25, 1, 5.5], "texture": "#0"},
				"east": {"uv": [0, 5.25, 0.5, 5.5], "texture": "#0"},
				"south": {"uv": [1.5, 5.25, 2, 5.5], "texture": "#0"},
				"west": {"uv": [1, 5.25, 1.5, 5.5], "texture": "#0"},
				"up": {"uv": [1, 5.25, 0.5, 4.75], "texture": "#0"},
				"down": {"uv": [1.5, 4.75, 1, 5.25], "texture": "#0"}
			}
		},
		{
			"from": [6.75, 10.71979, 8.45794],
			"to": [9.25, 12.71979, 9.45794],
			"rotation": {"angle": 22.5, "axis": "x", "origin": [8, 11.9622, 10.02802]},
			"faces": {
				"north": {"uv": [4.75, 6.5, 5.25, 7], "texture": "#0"},
				"east": {"uv": [4.5, 6.5, 4.75, 7], "texture": "#0"},
				"south": {"uv": [5.5, 6.5, 6, 7], "texture": "#0"},
				"west": {"uv": [5.25, 6.5, 5.5, 7], "texture": "#0"},
				"up": {"uv": [5.25, 6.5, 4.75, 6.25], "texture": "#0"},
				"down": {"uv": [5.75, 6.25, 5.25, 6.5], "texture": "#0"}
			}
		},
		{
			"from": [6.75, 10.75543, 6.58334],
			"to": [9.25, 12.75543, 7.58334],
			"rotation": {"angle": -22.5, "axis": "x", "origin": [8, 11.9622, 6.02802]},
			"faces": {
				"north": {"uv": [6.25, 1, 6.75, 1.5], "texture": "#0"},
				"east": {"uv": [6, 1, 6.25, 1.5], "texture": "#0"},
				"south": {"uv": [7, 1, 7.5, 1.5], "texture": "#0"},
				"west": {"uv": [6.75, 1, 7, 1.5], "texture": "#0"},
				"up": {"uv": [6.75, 1, 6.25, 0.75], "texture": "#0"},
				"down": {"uv": [7.25, 0.75, 6.75, 1], "texture": "#0"}
			}
		},
		{
			"from": [6.75, 11.67622, 4.77437],
			"to": [9.25, 13.67622, 5.77437],
			"rotation": {"angle": 45, "axis": "x", "origin": [8, 12.67622, 5.27437]},
			"faces": {
				"north": {"uv": [0.25, 1.25, 0.75, 1.75], "texture": "#0"},
				"east": {"uv": [0, 1.25, 0.25, 1.75], "texture": "#0"},
				"south": {"uv": [1, 1.25, 1.5, 1.75], "texture": "#0"},
				"west": {"uv": [0.75, 1.25, 1, 1.75], "texture": "#0"},
				"up": {"uv": [0.75, 1.25, 0.25, 1], "texture": "#0"},
				"down": {"uv": [1.25, 1, 0.75, 1.25], "texture": "#0"}
			}
		},
		{
			"from": [6.75, 10.14212, 5.27044],
			"to": [9.25, 11.14212, 7.27044],
			"rotation": {"angle": 22.5, "axis": "x", "origin": [8, 11.9622, 6.02802]},
			"faces": {
				"north": {"uv": [0.5, 4.5, 1, 4.75], "texture": "#0"},
				"east": {"uv": [0, 4.5, 0.5, 4.75], "texture": "#0"},
				"south": {"uv": [1.5, 4.5, 2, 4.75], "texture": "#0"},
				"west": {"uv": [1, 4.5, 1.5, 4.75], "texture": "#0"},
				"up": {"uv": [1, 4.5, 0.5, 4], "texture": "#0"},
				"down": {"uv": [1.5, 4, 1, 4.5], "texture": "#0"}
			}
		},
		{
			"from": [3.6, 7.6, 3.6],
			"to": [12.4, 9.4, 12.4],
			"faces": {
				"north": {"uv": [2, 6, 4, 6.25], "texture": "#0"},
				"east": {"uv": [0, 6, 2, 6.25], "texture": "#0"},
				"south": {"uv": [6, 6, 8, 6.25], "texture": "#0"},
				"west": {"uv": [4, 6, 6, 6.25], "texture": "#0"},
				"up": {"uv": [4, 6, 2, 4], "texture": "#0"},
				"down": {"uv": [6, 4, 4, 6], "texture": "#0"}
			}
		}
	],
	"display": {
		"thirdperson_righthand": {
			"translation": [0, 4.75, 0],
			"scale": [0.64, 0.64, 0.64]
		},
		"thirdperson_lefthand": {
			"translation": [0, 4.75, 0],
			"scale": [0.64, 0.64, 0.64]
		},
		"ground": {
			"translation": [0, 4.75, 0]
		},
		"gui": {
			"rotation": [31, 52, 0],
			"translation": [0, 2, 0]
		},
		"head": {
			"rotation": [0, 90, 0],
			"translation": [0, 7.75, 0],
			"scale": [1.75, 1.75, 1.75]
		},
		"fixed": {
			"rotation": [-90, 0, 0],
			"translation": [0, 0, -7.25]
		}
	}
}