{
	"credit": "Made with Blockbench",
	"texture_size": [64, 64],
	"textures": {
		"0": "block/custom/santa",
		"particle": "block/custom/santa"
	},
	"elements": [
		{
			"from": [3.8, 6.8, 3.8],
			"to": [12.2, 9.2, 12.2],
			"faces": {
				"north": {"uv": [2, 4.5, 4, 5], "texture": "#0"},
				"east": {"uv": [0, 4.5, 2, 5], "texture": "#0"},
				"south": {"uv": [6, 4.5, 8, 5], "texture": "#0"},
				"west": {"uv": [4, 4.5, 6, 5], "texture": "#0"},
				"up": {"uv": [4, 4.5, 2, 2.5], "texture": "#0"},
				"down": {"uv": [6, 2.5, 4, 4.5], "texture": "#0"}
			}
		},
		{
			"from": [4, 9, 4],
			"to": [12, 11, 12],
			"faces": {
				"north": {"uv": [2, 2, 4, 2.5], "texture": "#0"},
				"east": {"uv": [0, 2, 2, 2.5], "texture": "#0"},
				"south": {"uv": [6, 2, 8, 2.5], "texture": "#0"},
				"west": {"uv": [4, 2, 6, 2.5], "texture": "#0"},
				"up": {"uv": [4, 2, 2, 0], "texture": "#0"},
				"down": {"uv": [6, 0, 4, 2], "texture": "#0"}
			}
		},
		{
			"from": [5, 11, 6],
			"to": [11, 13, 13],
			"faces": {
				"north": {"uv": [1.75, 6.75, 3.25, 7.25], "texture": "#0"},
				"east": {"uv": [0, 6.75, 1.75, 7.25], "texture": "#0"},
				"south": {"uv": [5, 6.75, 6.5, 7.25], "texture": "#0"},
				"west": {"uv": [3.25, 6.75, 5, 7.25], "texture": "#0"},
				"up": {"uv": [3.25, 6.75, 1.75, 5], "texture": "#0"},
				"down": {"uv": [4.75, 5, 3.25, 6.75], "texture": "#0"}
			}
		},
		{
			"from": [6, 13, 8],
			"to": [9, 15, 14],
			"faces": {
				"north": {"uv": [6.5, 7.25, 7.25, 7.75], "texture": "#0"},
				"east": {"uv": [5, 7.25, 6.5, 7.75], "texture": "#0"},
				"south": {"uv": [8.75, 7.25, 9.5, 7.75], "texture": "#0"},
				"west": {"uv": [7.25, 7.25, 8.75, 7.75], "texture": "#0"},
				"up": {"uv": [7.25, 7.25, 6.5, 5.75], "texture": "#0"},
				"down": {"uv": [8, 5.75, 7.25, 7.25], "texture": "#0"}
			}
		},
		{
			"from": [6, 15, 13],
			"to": [8, 17, 15],
			"faces": {
				"north": {"uv": [0.5, 0.5, 1, 1], "texture": "#0"},
				"east": {"uv": [0, 0.5, 0.5, 1], "texture": "#0"},
				"south": {"uv": [1.5, 0.5, 2, 1], "texture": "#0"},
				"west": {"uv": [1, 0.5, 1.5, 1], "texture": "#0"},
				"up": {"uv": [1, 0.5, 0.5, 0], "texture": "#0"},
				"down": {"uv": [1.5, 0, 1, 0.5], "texture": "#0"}
			}
		}
	],
	"display": {
		"gui": {
			"rotation": [38, 140, 0],
			"translation": [0, -2.75, 0]
		},
		"head": {
			"rotation": [11, 0, 0],
			"translation": [0, 6.75, 0],
			"scale": [1.65, 1.65, 1.65]
		}
	}
}