{
	"credit": "Made with Blockbench",
	"textures": {
		"0": "block/custom/sprout",
		"particle": "block/custom/sprout"
	},
	"elements": [
		{
			"from": [7, 8, 7],
			"to": [8, 10, 8],
			"faces": {
				"north": {"uv": [5, 9, 6, 11], "texture": "#0"},
				"east": {"uv": [4, 9, 5, 11], "texture": "#0"},
				"south": {"uv": [7, 9, 8, 11], "texture": "#0"},
				"west": {"uv": [6, 9, 7, 11], "texture": "#0"},
				"up": {"uv": [6, 9, 5, 8], "texture": "#0"},
				"down": {"uv": [7, 8, 6, 9], "texture": "#0"}
			}
		},
		{
			"from": [8, 10, 8],
			"to": [9, 13, 9],
			"faces": {
				"north": {"uv": [1, 9, 2, 12], "texture": "#0"},
				"east": {"uv": [0, 9, 1, 12], "texture": "#0"},
				"south": {"uv": [3, 9, 4, 12], "texture": "#0"},
				"west": {"uv": [2, 9, 3, 12], "texture": "#0"},
				"up": {"uv": [2, 9, 1, 8], "texture": "#0"},
				"down": {"uv": [3, 8, 2, 9], "texture": "#0"}
			}
		},
		{
			"from": [9, 13, 7],
			"to": [12, 14, 10],
			"rotation": {"angle": 22.5, "axis": "z", "origin": [10.5, 13.5, 8.5]},
			"faces": {
				"north": {"uv": [3, 7, 6, 8], "texture": "#0"},
				"east": {"uv": [0, 7, 3, 8], "texture": "#0"},
				"south": {"uv": [9, 7, 12, 8], "texture": "#0"},
				"west": {"uv": [6, 7, 9, 8], "texture": "#0"},
				"up": {"uv": [6, 7, 3, 4], "texture": "#0"},
				"down": {"uv": [9, 4, 6, 7], "texture": "#0"}
			}
		},
		{
			"from": [12, 13, 8],
			"to": [13, 14, 9],
			"rotation": {"angle": 22.5, "axis": "z", "origin": [10.5, 13.5, 8.5]},
			"faces": {
				"north": {"uv": [9, 9, 10, 10], "texture": "#0"},
				"east": {"uv": [8, 9, 9, 10], "texture": "#0"},
				"south": {"uv": [11, 9, 12, 10], "texture": "#0"},
				"west": {"uv": [10, 9, 11, 10], "texture": "#0"},
				"up": {"uv": [10, 9, 9, 8], "texture": "#0"},
				"down": {"uv": [11, 8, 10, 9], "texture": "#0"}
			}
		},
		{
			"from": [5, 13, 7.5],
			"to": [8, 14, 10.5],
			"rotation": {"angle": -22.5, "axis": "z", "origin": [6.5, 13.5, 9.5]},
			"faces": {
				"north": {"uv": [3, 3, 6, 4], "texture": "#0"},
				"east": {"uv": [0, 3, 3, 4], "texture": "#0"},
				"south": {"uv": [9, 3, 12, 4], "texture": "#0"},
				"west": {"uv": [6, 3, 9, 4], "texture": "#0"},
				"up": {"uv": [6, 3, 3, 0], "texture": "#0"},
				"down": {"uv": [9, 0, 6, 3], "texture": "#0"}
			}
		},
		{
			"from": [4, 13, 8.5],
			"to": [5, 14, 9.5],
			"rotation": {"angle": -22.5, "axis": "z", "origin": [6.5, 13.5, 9.5]},
			"faces": {
				"north": {"uv": [10, 1, 11, 2], "texture": "#0"},
				"east": {"uv": [9, 1, 10, 2], "texture": "#0"},
				"south": {"uv": [12, 1, 13, 2], "texture": "#0"},
				"west": {"uv": [11, 1, 12, 2], "texture": "#0"},
				"up": {"uv": [11, 1, 10, 0], "texture": "#0"},
				"down": {"uv": [12, 0, 11, 1], "texture": "#0"}
			}
		}
	],
	"display": {
		"gui": {
			"rotation": [38, -43, -7],
			"translation": [0, -4.25, 0],
			"scale": [1.63, 1.63, 1.63]
		},
		"head": {
			"rotation": [9, 3, 0],
			"translation": [0.5, 5, 0],
			"scale": [1.6, 1.6, 1.6]
		}
	}
}