{
	"credit": "Made with Blockbench",
	"texture_size": [64, 32],
	"textures": {
		"0": "item/custom/enderman_plush"
	},
	"elements": [
		{
			"name": "Head",
			"from": [4.5, 25, 4.5],
			"to": [11.5, 32, 11.5],
			"rotation": {"angle": 0, "axis": "y", "origin": [8, 0, 8]},
			"faces": {
				"north": {"uv": [2, 4, 4, 8], "texture": "#0"},
				"east": {"uv": [0, 4, 2, 8], "texture": "#0"},
				"south": {"uv": [6, 4, 8, 8], "texture": "#0"},
				"west": {"uv": [4, 4, 6, 8], "texture": "#0"},
				"up": {"uv": [4, 4, 2, 0], "texture": "#0"},
				"down": {"uv": [6, 0, 4, 4], "texture": "#0"}
			}
		},
		{
			"name": "Head layer",
			"from": [4.5, 23, 4.5],
			"to": [11.5, 30, 11.5],
			"rotation": {"angle": 0, "axis": "y", "origin": [8, -2, 8]},
			"faces": {
				"north": {"uv": [2, 12, 4, 16], "texture": "#0"},
				"east": {"uv": [0, 12, 2, 16], "texture": "#0"},
				"south": {"uv": [6, 12, 8, 16], "texture": "#0"},
				"west": {"uv": [4, 12, 6, 16], "texture": "#0"},
				"up": {"uv": [4, 12, 2, 8], "texture": "#0"},
				"down": {"uv": [6, 8, 4, 12], "texture": "#0"}
			}
		},
		{
			"name": "Body",
			"from": [4, 11, 6],
			"to": [12, 23, 10],
			"rotation": {"angle": 0, "axis": "y", "origin": [8, -9, 8]},
			"faces": {
				"north": {"uv": [9, 10, 11, 16], "texture": "#0"},
				"east": {"uv": [8, 10, 9, 16], "texture": "#0"},
				"south": {"uv": [12, 10, 14, 16], "texture": "#0"},
				"west": {"uv": [11, 10, 12, 16], "texture": "#0"},
				"up": {"uv": [11, 10, 9, 8], "texture": "#0"},
				"down": {"uv": [13, 8, 11, 10], "texture": "#0"}
			}
		},
		{
			"name": "RightArm",
			"from": [12, -7, 7],
			"to": [14, 23, 9],
			"rotation": {"angle": 0, "axis": "y", "origin": [8, -9, 8]},
			"faces": {
				"north": {"uv": [14.5, 1, 15, 16], "texture": "#0"},
				"east": {"uv": [14, 1, 14.5, 16], "texture": "#0"},
				"south": {"uv": [15.5, 1, 16, 16], "texture": "#0"},
				"west": {"uv": [15, 1, 15.5, 16], "texture": "#0"},
				"up": {"uv": [15, 1, 14.5, 0], "texture": "#0"},
				"down": {"uv": [15.5, 0, 15, 1], "texture": "#0"}
			}
		},
		{
			"name": "LeftArm",
			"from": [2, -7, 7],
			"to": [4, 23, 9],
			"rotation": {"angle": 0, "axis": "x", "origin": [8, -9, 8]},
			"faces": {
				"north": {"uv": [15, 1, 14.5, 16], "texture": "#0"},
				"east": {"uv": [15.5, 1, 15, 16], "texture": "#0"},
				"south": {"uv": [16, 1, 15.5, 16], "texture": "#0"},
				"west": {"uv": [14.5, 1, 14, 16], "texture": "#0"},
				"up": {"uv": [14.5, 1, 15, 0], "texture": "#0"},
				"down": {"uv": [15, 0, 15.5, 1], "texture": "#0"}
			}
		},
		{
			"name": "RightLeg",
			"from": [9, -13, 7],
			"to": [11, 17, 9],
			"rotation": {"angle": 0, "axis": "y", "origin": [8, -9, 8]},
			"faces": {
				"north": {"uv": [14.5, 1, 15, 16], "texture": "#0"},
				"east": {"uv": [14, 1, 14.5, 16], "texture": "#0"},
				"south": {"uv": [15.5, 1, 16, 16], "texture": "#0"},
				"west": {"uv": [15, 1, 15.5, 16], "texture": "#0"},
				"up": {"uv": [15, 1, 14.5, 0], "texture": "#0"},
				"down": {"uv": [15.5, 0, 15, 1], "texture": "#0"}
			}
		},
		{
			"name": "LeftLeg",
			"from": [5, -13, 7],
			"to": [7, 17, 9],
			"rotation": {"angle": 0, "axis": "y", "origin": [8, -9, 8]},
			"faces": {
				"north": {"uv": [15, 1, 14.5, 16], "texture": "#0"},
				"east": {"uv": [15.5, 1, 15, 16], "texture": "#0"},
				"south": {"uv": [16, 1, 15.5, 16], "texture": "#0"},
				"west": {"uv": [14.5, 1, 14, 16], "texture": "#0"},
				"up": {"uv": [14.5, 1, 15, 0], "texture": "#0"},
				"down": {"uv": [15, 0, 15.5, 1], "texture": "#0"}
			}
		}
	],
	"display": {
		"thirdperson_righthand": {
			"rotation": [45.5, 0, 0],
			"translation": [0, 0, 1],
			"scale": [0.3, 0.3, 0.3]
		},
		"thirdperson_lefthand": {
			"rotation": [45.5, 0, 0],
			"translation": [0, 0, 1],
			"scale": [0.3, 0.3, 0.3]
		},
		"firstperson_righthand": {
			"rotation": [180, 73, -172],
			"translation": [0, -1, 0],
			"scale": [0.32, 0.32, 0.32]
		},
		"firstperson_lefthand": {
			"rotation": [180, 73, -172],
			"translation": [0, -1, 0],
			"scale": [0.32, 0.32, 0.32]
		},
		"ground": {
			"translation": [0, 1.75, 0],
			"scale": [0.3, 0.3, 0.3]
		},
		"gui": {
			"rotation": [-5, 164, 24],
			"translation": [0, -0.25, 0],
			"scale": [0.48, 0.48, 0.48]
		},
		"fixed": {
			"rotation": [-90, 0, 0],
			"translation": [0, 0, -21]
		}
	},
	"groups": [
		{
			"name": "Head",
			"origin": [8, 24, 8],
			"color": 0,
			"children": [0, 1]
		},
		{
			"name": "Body",
			"origin": [8, 38, 8],
			"color": 0,
			"children": [2]
		},
		{
			"name": "RightArm",
			"origin": [11, 36, 8],
			"color": 0,
			"children": [3]
		},
		{
			"name": "LeftArm",
			"origin": [3, 36, 8],
			"color": 0,
			"children": [4]
		},
		{
			"name": "RightLeg",
			"origin": [10, 26, 8],
			"color": 0,
			"children": [5]
		},
		{
			"name": "LeftLeg",
			"origin": [6, 26, 8],
			"color": 0,
			"children": [6]
		}
	]
}