{
	"credit": "Made with Blockbench",
	"texture_size": [64, 64],
	"textures": {
		"0": "block/custom/pnf404",
		"particle": "block/custom/pnf404"
	},
	"elements": [
		{
			"from": [3, 0, 3],
			"to": [13, 9, 13],
			"faces": {
				"north": {"uv": [2.5, 2.5, 5, 4.75], "texture": "#0"},
				"east": {"uv": [0, 2.5, 2.5, 4.75], "texture": "#0"},
				"south": {"uv": [7.5, 2.5, 10, 4.75], "texture": "#0"},
				"west": {"uv": [5, 2.5, 7.5, 4.75], "texture": "#0"},
				"up": {"uv": [5, 2.5, 2.5, 0], "texture": "#0"},
				"down": {"uv": [7.5, 0, 5, 2.5], "texture": "#0"}
			}
		},
		{
			"from": [8, 9, 7],
			"to": [9, 11, 8],
			"faces": {
				"north": {"uv": [0.25, 2, 0.5, 2.5], "texture": "#0"},
				"east": {"uv": [0, 2, 0.25, 2.5], "texture": "#0"},
				"south": {"uv": [0.75, 2, 1, 2.5], "texture": "#0"},
				"west": {"uv": [0.5, 2, 0.75, 2.5], "texture": "#0"},
				"up": {"uv": [0.5, 2, 0.25, 1.75], "texture": "#0"},
				"down": {"uv": [0.75, 1.75, 0.5, 2], "texture": "#0"}
			}
		},
		{
			"from": [8, 11, 8],
			"to": [9, 13, 9],
			"faces": {
				"north": {"uv": [1.75, 1.25, 2, 1.75], "texture": "#0"},
				"east": {"uv": [1.5, 1.25, 1.75, 1.75], "texture": "#0"},
				"south": {"uv": [2.25, 1.25, 2.5, 1.75], "texture": "#0"},
				"west": {"uv": [2, 1.25, 2.25, 1.75], "texture": "#0"},
				"up": {"uv": [2, 1.25, 1.75, 1], "texture": "#0"},
				"down": {"uv": [2.25, 1, 2, 1.25], "texture": "#0"}
			}
		},
		{
			"from": [7, 13, 9],
			"to": [8, 14, 11],
			"faces": {
				"north": {"uv": [0.5, 1.5, 0.75, 1.75], "texture": "#0"},
				"east": {"uv": [0, 1.5, 0.5, 1.75], "texture": "#0"},
				"south": {"uv": [1.25, 1.5, 1.5, 1.75], "texture": "#0"},
				"west": {"uv": [0.75, 1.5, 1.25, 1.75], "texture": "#0"},
				"up": {"uv": [0.75, 1.5, 0.5, 1], "texture": "#0"},
				"down": {"uv": [1, 1, 0.75, 1.5], "texture": "#0"}
			}
		},
		{
			"from": [6, 13, 11],
			"to": [8, 15, 13],
			"faces": {
				"north": {"uv": [0.5, 0.5, 1, 1], "texture": "#0"},
				"east": {"uv": [0, 0.5, 0.5, 1], "texture": "#0"},
				"south": {"uv": [1.5, 0.5, 2, 1], "texture": "#0"},
				"west": {"uv": [1, 0.5, 1.5, 1], "texture": "#0"},
				"up": {"uv": [1, 0.5, 0.5, 0], "texture": "#0"},
				"down": {"uv": [1.5, 0, 1, 0.5], "texture": "#0"}
			}
		},
		{
			"from": [5.8, 12.8, 10.8],
			"to": [8.2, 15.2, 13.2],
			"faces": {
				"north": {"uv": [0.5, 6, 1, 6.5], "texture": "#0"},
				"east": {"uv": [0, 6, 0.5, 6.5], "texture": "#0"},
				"south": {"uv": [1.5, 6, 2, 6.5], "texture": "#0"},
				"west": {"uv": [1, 6, 1.5, 6.5], "texture": "#0"},
				"up": {"uv": [1, 6, 0.5, 5.5], "texture": "#0"},
				"down": {"uv": [1.5, 5.5, 1, 6], "texture": "#0"}
			}
		},
		{
			"from": [7.5, 0.75, 1],
			"to": [8.5, 1.75, 3],
			"rotation": {"angle": -22.5, "axis": "x", "origin": [8.5, 2.5, 1.75]},
			"faces": {
				"north": {"uv": [0.5, 7.75, 0.75, 8], "texture": "#0"},
				"east": {"uv": [0, 7.75, 0.5, 8], "texture": "#0"},
				"south": {"uv": [1.25, 7.75, 1.5, 8], "texture": "#0"},
				"west": {"uv": [0.75, 7.75, 1.25, 8], "texture": "#0"},
				"up": {"uv": [0.75, 7.75, 0.5, 7.25], "texture": "#0"},
				"down": {"uv": [1, 7.25, 0.75, 7.75], "texture": "#0"}
			}
		},
		{
			"from": [7.4, 0.65, 0.9],
			"to": [8.6, 1.85, 2.1],
			"rotation": {"angle": -22.5, "axis": "x", "origin": [8.5, 2.5, 1.75]},
			"faces": {
				"north": {"uv": [0.5, 7.75, 0.75, 8], "texture": "#0"},
				"east": {"uv": [0.25, 7.75, 0.5, 8], "texture": "#0"},
				"south": {"uv": [1, 7.75, 1.25, 8], "texture": "#0"},
				"west": {"uv": [0.75, 7.75, 1, 8], "texture": "#0"},
				"up": {"uv": [0.75, 7.75, 0.5, 7.5], "texture": "#0"},
				"down": {"uv": [1, 7.5, 0.75, 7.75], "texture": "#0"}
			}
		}
	],
	"display": {
		"gui": {
			"rotation": [23, 138, 0],
			"translation": [0, 1, 0],
			"scale": [0.9, 0.9, 0.9]
		},
		"head": {
			"translation": [0, 6.25, 0],
			"scale": [1.6, 1.6, 1.6]
		},
		"fixed": {
			"translation": [0, 1.5, -4]
		}
	}
}