{
	"credit": "Made with Blockbench",
	"texture_size": [64, 64],
	"textures": {
		"0": "item/custom/bee_bomb",
		"particle": "item/custom/bee_bomb"
	},
	"elements": [
		{
			"from": [6, 0, 7],
			"to": [11, 1, 10],
			"faces": {
				"north": {"uv": [8, 11, 9.25, 11.25], "texture": "#0"},
				"east": {"uv": [7.25, 11, 8, 11.25], "texture": "#0"},
				"south": {"uv": [10, 11, 11.25, 11.25], "texture": "#0"},
				"west": {"uv": [9.25, 11, 10, 11.25], "texture": "#0"},
				"up": {"uv": [9.25, 11, 8, 10.25], "texture": "#0"},
				"down": {"uv": [10.5, 10.25, 9.25, 11], "texture": "#0"}
			}
		},
		{
			"from": [7, 0, 10],
			"to": [10, 1, 11],
			"faces": {
				"north": {"uv": [0.25, 3.75, 1, 4], "texture": "#0"},
				"east": {"uv": [0, 3.75, 0.25, 4], "texture": "#0"},
				"south": {"uv": [1.25, 3.75, 2, 4], "texture": "#0"},
				"west": {"uv": [1, 3.75, 1.25, 4], "texture": "#0"},
				"up": {"uv": [1, 3.75, 0.25, 3.5], "texture": "#0"},
				"down": {"uv": [1.75, 3.5, 1, 3.75], "texture": "#0"}
			}
		},
		{
			"from": [7, 0, 6],
			"to": [10, 1, 7],
			"faces": {
				"north": {"uv": [0.25, 3.25, 1, 3.5], "texture": "#0"},
				"east": {"uv": [0, 3.25, 0.25, 3.5], "texture": "#0"},
				"south": {"uv": [1.25, 3.25, 2, 3.5], "texture": "#0"},
				"west": {"uv": [1, 3.25, 1.25, 3.5], "texture": "#0"},
				"up": {"uv": [1, 3.25, 0.25, 3], "texture": "#0"},
				"down": {"uv": [1.75, 3, 1, 3.25], "texture": "#0"}
			}
		},
		{
			"from": [6, 8, 7],
			"to": [11, 9, 10],
			"faces": {
				"north": {"uv": [4, 11, 5.25, 11.25], "texture": "#0"},
				"east": {"uv": [3.25, 11, 4, 11.25], "texture": "#0"},
				"south": {"uv": [6, 11, 7.25, 11.25], "texture": "#0"},
				"west": {"uv": [5.25, 11, 6, 11.25], "texture": "#0"},
				"up": {"uv": [5.25, 11, 4, 10.25], "texture": "#0"},
				"down": {"uv": [6.5, 10.25, 5.25, 11], "texture": "#0"}
			}
		},
		{
			"from": [7, 8, 10],
			"to": [10, 9, 11],
			"faces": {
				"north": {"uv": [0.25, 2.75, 1, 3], "texture": "#0"},
				"east": {"uv": [0, 2.75, 0.25, 3], "texture": "#0"},
				"south": {"uv": [1.25, 2.75, 2, 3], "texture": "#0"},
				"west": {"uv": [1, 2.75, 1.25, 3], "texture": "#0"},
				"up": {"uv": [1, 2.75, 0.25, 2.5], "texture": "#0"},
				"down": {"uv": [1.75, 2.5, 1, 2.75], "texture": "#0"}
			}
		},
		{
			"from": [7, 8, 6],
			"to": [10, 9, 7],
			"faces": {
				"north": {"uv": [0.25, 2.25, 1, 2.5], "texture": "#0"},
				"east": {"uv": [0, 2.25, 0.25, 2.5], "texture": "#0"},
				"south": {"uv": [1.25, 2.25, 2, 2.5], "texture": "#0"},
				"west": {"uv": [1, 2.25, 1.25, 2.5], "texture": "#0"},
				"up": {"uv": [1, 2.25, 0.25, 2], "texture": "#0"},
				"down": {"uv": [1.75, 2, 1, 2.25], "texture": "#0"}
			}
		},
		{
			"from": [7, 1, 5],
			"to": [10, 2, 12],
			"rotation": {"angle": 0, "axis": "y", "origin": [8.5, 1.5, 8.5]},
			"faces": {
				"north": {"uv": [9.25, 9, 10, 9.25], "texture": "#0"},
				"east": {"uv": [7.5, 9, 9.25, 9.25], "texture": "#0"},
				"south": {"uv": [11.75, 9, 12.5, 9.25], "texture": "#0"},
				"west": {"uv": [10, 9, 11.75, 9.25], "texture": "#0"},
				"up": {"uv": [10, 9, 9.25, 7.25], "texture": "#0"},
				"down": {"uv": [10.75, 7.25, 10, 9], "texture": "#0"}
			}
		},
		{
			"from": [5, 1, 7],
			"to": [12, 2, 10],
			"faces": {
				"north": {"uv": [5, 10, 6.75, 10.25], "texture": "#0"},
				"east": {"uv": [4.25, 10, 5, 10.25], "texture": "#0"},
				"south": {"uv": [7.5, 10, 9.25, 10.25], "texture": "#0"},
				"west": {"uv": [6.75, 10, 7.5, 10.25], "texture": "#0"},
				"up": {"uv": [6.75, 10, 5, 9.25], "texture": "#0"},
				"down": {"uv": [8.5, 9.25, 6.75, 10], "texture": "#0"}
			}
		},
		{
			"from": [6, 1, 6],
			"to": [11, 2, 11],
			"faces": {
				"north": {"uv": [9.75, 5.5, 11, 5.75], "texture": "#0"},
				"east": {"uv": [8.5, 5.5, 9.75, 5.75], "texture": "#0"},
				"south": {"uv": [12.25, 5.5, 13.5, 5.75], "texture": "#0"},
				"west": {"uv": [11, 5.5, 12.25, 5.75], "texture": "#0"},
				"up": {"uv": [11, 5.5, 9.75, 4.25], "texture": "#0"},
				"down": {"uv": [12.25, 4.25, 11, 5.5], "texture": "#0"}
			}
		},
		{
			"from": [7, 7, 5],
			"to": [10, 8, 12],
			"rotation": {"angle": 0, "axis": "y", "origin": [8.5, 1.5, 8.5]},
			"faces": {
				"north": {"uv": [6, 8.75, 6.75, 9], "texture": "#0"},
				"east": {"uv": [4.25, 8.75, 6, 9], "texture": "#0"},
				"south": {"uv": [8.5, 8.75, 9.25, 9], "texture": "#0"},
				"west": {"uv": [6.75, 8.75, 8.5, 9], "texture": "#0"},
				"up": {"uv": [6.75, 8.75, 6, 7], "texture": "#0"},
				"down": {"uv": [7.5, 7, 6.75, 8.75], "texture": "#0"}
			}
		},
		{
			"from": [5, 7, 7],
			"to": [12, 8, 10],
			"faces": {
				"north": {"uv": [9.25, 6.5, 11, 6.75], "texture": "#0"},
				"east": {"uv": [8.5, 6.5, 9.25, 6.75], "texture": "#0"},
				"south": {"uv": [11.75, 6.5, 13.5, 6.75], "texture": "#0"},
				"west": {"uv": [11, 6.5, 11.75, 6.75], "texture": "#0"},
				"up": {"uv": [11, 6.5, 9.25, 5.75], "texture": "#0"},
				"down": {"uv": [12.75, 5.75, 11, 6.5], "texture": "#0"}
			}
		},
		{
			"from": [6, 7, 6],
			"to": [11, 8, 11],
			"faces": {
				"north": {"uv": [1.25, 9.75, 2.5, 10], "texture": "#0"},
				"east": {"uv": [0, 9.75, 1.25, 10], "texture": "#0"},
				"south": {"uv": [3.75, 9.75, 5, 10], "texture": "#0"},
				"west": {"uv": [2.5, 9.75, 3.75, 10], "texture": "#0"},
				"up": {"uv": [2.5, 9.75, 1.25, 8.5], "texture": "#0"},
				"down": {"uv": [3.75, 8.5, 2.5, 9.75], "texture": "#0"}
			}
		},
		{
			"from": [4, 2, 7],
			"to": [13, 3, 10],
			"rotation": {"angle": 0, "axis": "y", "origin": [8.5, 2.5, 8.5]},
			"faces": {
				"north": {"uv": [8.25, 4, 10.5, 4.25], "texture": "#0"},
				"east": {"uv": [7.5, 4, 8.25, 4.25], "texture": "#0"},
				"south": {"uv": [11.25, 4, 13.5, 4.25], "texture": "#0"},
				"west": {"uv": [10.5, 4, 11.25, 4.25], "texture": "#0"},
				"up": {"uv": [10.5, 4, 8.25, 3.25], "texture": "#0"},
				"down": {"uv": [12.75, 3.25, 10.5, 4], "texture": "#0"}
			}
		},
		{
			"from": [5, 2, 6],
			"to": [12, 3, 11],
			"faces": {
				"north": {"uv": [1.25, 8.25, 3, 8.5], "texture": "#0"},
				"east": {"uv": [0, 8.25, 1.25, 8.5], "texture": "#0"},
				"south": {"uv": [4.25, 8.25, 6, 8.5], "texture": "#0"},
				"west": {"uv": [3, 8.25, 4.25, 8.5], "texture": "#0"},
				"up": {"uv": [3, 8.25, 1.25, 7], "texture": "#0"},
				"down": {"uv": [4.75, 7, 3, 8.25], "texture": "#0"}
			}
		},
		{
			"from": [6, 2, 5],
			"to": [11, 3, 12],
			"rotation": {"angle": 0, "axis": "y", "origin": [8.5, 2.5, 8.5]},
			"faces": {
				"north": {"uv": [6, 6.75, 7.25, 7], "texture": "#0"},
				"east": {"uv": [4.25, 6.75, 6, 7], "texture": "#0"},
				"south": {"uv": [9, 6.75, 10.25, 7], "texture": "#0"},
				"west": {"uv": [7.25, 6.75, 9, 7], "texture": "#0"},
				"up": {"uv": [7.25, 6.75, 6, 5], "texture": "#0"},
				"down": {"uv": [8.5, 5, 7.25, 6.75], "texture": "#0"}
			}
		},
		{
			"from": [7, 2, 4],
			"to": [10, 3, 13],
			"rotation": {"angle": 0, "axis": "y", "origin": [8.5, 2.5, 8.5]},
			"faces": {
				"north": {"uv": [6, 4.5, 6.75, 4.75], "texture": "#0"},
				"east": {"uv": [3.75, 4.5, 6, 4.75], "texture": "#0"},
				"south": {"uv": [9, 4.5, 9.75, 4.75], "texture": "#0"},
				"west": {"uv": [6.75, 4.5, 9, 4.75], "texture": "#0"},
				"up": {"uv": [6.75, 4.5, 6, 2.25], "texture": "#0"},
				"down": {"uv": [7.5, 2.25, 6.75, 4.5], "texture": "#0"}
			}
		},
		{
			"from": [4, 6, 7],
			"to": [13, 7, 10],
			"rotation": {"angle": 0, "axis": "y", "origin": [8.5, 2.5, 8.5]},
			"faces": {
				"north": {"uv": [8.25, 3, 10.5, 3.25], "texture": "#0"},
				"east": {"uv": [7.5, 3, 8.25, 3.25], "texture": "#0"},
				"south": {"uv": [11.25, 3, 13.5, 3.25], "texture": "#0"},
				"west": {"uv": [10.5, 3, 11.25, 3.25], "texture": "#0"},
				"up": {"uv": [10.5, 3, 8.25, 2.25], "texture": "#0"},
				"down": {"uv": [12.75, 2.25, 10.5, 3], "texture": "#0"}
			}
		},
		{
			"from": [5, 6, 6],
			"to": [12, 7, 11],
			"faces": {
				"north": {"uv": [7, 2, 8.75, 2.25], "texture": "#0"},
				"east": {"uv": [5.75, 2, 7, 2.25], "texture": "#0"},
				"south": {"uv": [10, 2, 11.75, 2.25], "texture": "#0"},
				"west": {"uv": [8.75, 2, 10, 2.25], "texture": "#0"},
				"up": {"uv": [8.75, 2, 7, 0.75], "texture": "#0"},
				"down": {"uv": [10.5, 0.75, 8.75, 2], "texture": "#0"}
			}
		},
		{
			"from": [6, 6, 5],
			"to": [11, 7, 12],
			"rotation": {"angle": 0, "axis": "y", "origin": [8.5, 2.5, 8.5]},
			"faces": {
				"north": {"uv": [1.75, 6.5, 3, 6.75], "texture": "#0"},
				"east": {"uv": [0, 6.5, 1.75, 6.75], "texture": "#0"},
				"south": {"uv": [4.75, 6.5, 6, 6.75], "texture": "#0"},
				"west": {"uv": [3, 6.5, 4.75, 6.75], "texture": "#0"},
				"up": {"uv": [3, 6.5, 1.75, 4.75], "texture": "#0"},
				"down": {"uv": [4.25, 4.75, 3, 6.5], "texture": "#0"}
			}
		},
		{
			"from": [7, 6, 4],
			"to": [10, 7, 13],
			"rotation": {"angle": 0, "axis": "y", "origin": [8.5, 2.5, 8.5]},
			"faces": {
				"north": {"uv": [2.25, 4.25, 3, 4.5], "texture": "#0"},
				"east": {"uv": [0, 4.25, 2.25, 4.5], "texture": "#0"},
				"south": {"uv": [5.25, 4.25, 6, 4.5], "texture": "#0"},
				"west": {"uv": [3, 4.25, 5.25, 4.5], "texture": "#0"},
				"up": {"uv": [3, 4.25, 2.25, 2], "texture": "#0"},
				"down": {"uv": [3.75, 2, 3, 4.25], "texture": "#0"}
			}
		},
		{
			"from": [6, 3, 12],
			"to": [11, 6, 13],
			"rotation": {"angle": 0, "axis": "x", "origin": [3.5, 0.5, 3.5]},
			"faces": {
				"north": {"uv": [10.75, 1.25, 12, 2], "texture": "#0"},
				"east": {"uv": [10.5, 1.25, 10.75, 2], "texture": "#0"},
				"south": {"uv": [12.25, 1.25, 13.5, 2], "texture": "#0"},
				"west": {"uv": [12, 1.25, 12.25, 2], "texture": "#0"},
				"up": {"uv": [12, 1.25, 10.75, 1], "texture": "#0"},
				"down": {"uv": [13.25, 1, 12, 1.25], "texture": "#0"}
			}
		},
		{
			"from": [6, 3, 4],
			"to": [11, 6, 5],
			"rotation": {"angle": 0, "axis": "x", "origin": [3.5, 0.5, 3.5]},
			"faces": {
				"north": {"uv": [10.75, 0.25, 12, 1], "texture": "#0"},
				"east": {"uv": [10.5, 0.25, 10.75, 1], "texture": "#0"},
				"south": {"uv": [12.25, 0.25, 13.5, 1], "texture": "#0"},
				"west": {"uv": [12, 0.25, 12.25, 1], "texture": "#0"},
				"up": {"uv": [12, 0.25, 10.75, 0], "texture": "#0"},
				"down": {"uv": [13.25, 0, 12, 0.25], "texture": "#0"}
			}
		},
		{
			"from": [5, 3, 11],
			"to": [12, 6, 12],
			"rotation": {"angle": 0, "axis": "x", "origin": [3.5, 0.5, 3.5]},
			"faces": {
				"north": {"uv": [0.25, 10.25, 2, 11], "texture": "#0"},
				"east": {"uv": [0, 10.25, 0.25, 11], "texture": "#0"},
				"south": {"uv": [2.25, 10.25, 4, 11], "texture": "#0"},
				"west": {"uv": [2, 10.25, 2.25, 11], "texture": "#0"},
				"up": {"uv": [2, 10.25, 0.25, 10], "texture": "#0"},
				"down": {"uv": [3.75, 10, 2, 10.25], "texture": "#0"}
			}
		},
		{
			"from": [5, 3, 5],
			"to": [12, 6, 6],
			"rotation": {"angle": 0, "axis": "x", "origin": [3.5, 0.5, 3.5]},
			"faces": {
				"north": {"uv": [9.5, 9.5, 11.25, 10.25], "texture": "#0"},
				"east": {"uv": [9.25, 9.5, 9.5, 10.25], "texture": "#0"},
				"south": {"uv": [11.5, 9.5, 13.25, 10.25], "texture": "#0"},
				"west": {"uv": [11.25, 9.5, 11.5, 10.25], "texture": "#0"},
				"up": {"uv": [11.25, 9.5, 9.5, 9.25], "texture": "#0"},
				"down": {"uv": [13, 9.25, 11.25, 9.5], "texture": "#0"}
			}
		},
		{
			"from": [4, 3, 6],
			"to": [13, 6, 11],
			"rotation": {"angle": 0, "axis": "x", "origin": [3.5, 0.5, 3.5]},
			"faces": {
				"north": {"uv": [1.25, 1.25, 3.5, 2], "texture": "#0"},
				"east": {"uv": [0, 1.25, 1.25, 2], "texture": "#0"},
				"south": {"uv": [4.75, 1.25, 7, 2], "texture": "#0"},
				"west": {"uv": [3.5, 1.25, 4.75, 2], "texture": "#0"},
				"up": {"uv": [3.5, 1.25, 1.25, 0], "texture": "#0"},
				"down": {"uv": [5.75, 0, 3.5, 1.25], "texture": "#0"}
			}
		},
		{
			"from": [8, 9, 8],
			"to": [9, 12, 9],
			"faces": {
				"north": {"uv": [0.25, 0.25, 0.5, 1], "texture": "#0"},
				"east": {"uv": [0, 0.25, 0.25, 1], "texture": "#0"},
				"south": {"uv": [0.75, 0.25, 1, 1], "texture": "#0"},
				"west": {"uv": [0.5, 0.25, 0.75, 1], "texture": "#0"},
				"up": {"uv": [0.5, 0.25, 0.25, 0], "texture": "#0"},
				"down": {"uv": [0.75, 0, 0.5, 0.25], "texture": "#0"}
			}
		},
		{
			"from": [9, 12, 8],
			"to": [10, 13, 9],
			"faces": {
				"north": {"uv": [4, 2.75, 4.25, 3], "texture": "#0"},
				"east": {"uv": [3.75, 2.75, 4, 3], "texture": "#0"},
				"south": {"uv": [4.5, 2.75, 4.75, 3], "texture": "#0"},
				"west": {"uv": [4.25, 2.75, 4.5, 3], "texture": "#0"},
				"up": {"uv": [4.25, 2.75, 4, 2.5], "texture": "#0"},
				"down": {"uv": [4.5, 2.5, 4.25, 2.75], "texture": "#0"}
			}
		},
		{
			"from": [10, 11, 8],
			"to": [11, 12, 9],
			"faces": {
				"north": {"uv": [4, 2.25, 4.25, 2.5], "texture": "#0"},
				"east": {"uv": [3.75, 2.25, 4, 2.5], "texture": "#0"},
				"south": {"uv": [4.5, 2.25, 4.75, 2.5], "texture": "#0"},
				"west": {"uv": [4.25, 2.25, 4.5, 2.5], "texture": "#0"},
				"up": {"uv": [4.25, 2.25, 4, 2], "texture": "#0"},
				"down": {"uv": [4.5, 2, 4.25, 2.25], "texture": "#0"}
			}
		}
	],
	"display": {
		"thirdperson_righthand": {
			"rotation": [46, 180, 0],
			"translation": [1.25, 4.25, 1.25]
		},
		"thirdperson_lefthand": {
			"rotation": [46, 180, 0],
			"translation": [1.25, 4.25, 1.25]
		},
		"firstperson_righthand": {
			"translation": [0, 3, 0]
		},
		"firstperson_lefthand": {
			"translation": [0, 3, 0]
		},
		"ground": {
			"translation": [0, 4.25, 0]
		},
		"gui": {
			"rotation": [10, -29, 0],
			"translation": [0, 2, 0],
			"scale": [1.08, 1.08, 1.08]
		},
		"head": {
			"rotation": [0, 180, 0],
			"translation": [0, 14, 0]
		},
		"fixed": {
			"rotation": [0, 180, 0],
			"translation": [0, 0, -2.25]
		}
	},
	"groups": [
		{
			"name": "group",
			"origin": [0, 0, 0],
			"color": 0,
			"children": [0, 1, 2]
		},
		{
			"name": "group",
			"origin": [0, 0, 0],
			"color": 0,
			"children": [3, 4, 5]
		},
		{
			"name": "group",
			"origin": [0, 0, 0],
			"color": 0,
			"children": [6, 7, 8]
		},
		{
			"name": "group",
			"origin": [0, 0, 0],
			"color": 0,
			"children": [9, 10, 11]
		},
		{
			"name": "group",
			"origin": [8.5, 2.5, 8.5],
			"color": 0,
			"children": [12, 13, 14, 15]
		},
		{
			"name": "group",
			"origin": [8.5, 2.5, 8.5],
			"color": 0,
			"children": [16, 17, 18, 19]
		},
		{
			"name": "group",
			"origin": [3.5, 0.5, 3.5],
			"color": 0,
			"children": [20, 21, 22, 23, 24]
		},
		25,
		26,
		27
	]
}